島村卯月,https://imas.gamedbs.jp/cgss/images_ch/chara_icon_101.png
安部菜々,https://imas.gamedbs.jp/cgss/images_ch/chara_icon_154.png
五十嵐響子,https://imas.gamedbs.jp/cgss/images_ch/chara_icon_113.png
一ノ瀬志希,https://imas.gamedbs.jp/cgss/images_ch/chara_icon_126.png
緒方智絵里,https://imas.gamedbs.jp/cgss/images_ch/chara_icon_112.png
乙倉悠貴,https://imas.gamedbs.jp/cgss/images_ch/chara_icon_164.png
黒埼ちとせ,https://imas.gamedbs.jp/cgss/images_ch/chara_icon_307.png
輿水幸子,https://imas.gamedbs.jp/cgss/images_ch/chara_icon_150.png
小早川紗枝,https://imas.gamedbs.jp/cgss/images_ch/chara_icon_132.png
小日向美穂,https://imas.gamedbs.jp/cgss/images_ch/chara_icon_111.png
佐久間まゆ,https://imas.gamedbs.jp/cgss/images_ch/chara_icon_159.png
櫻井桃華,https://imas.gamedbs.jp/cgss/images_ch/chara_icon_115.png
椎名法子,https://imas.gamedbs.jp/cgss/images_ch/chara_icon_105.png
白菊ほたる,https://imas.gamedbs.jp/cgss/images_ch/chara_icon_161.png
白雪千夜,https://imas.gamedbs.jp/cgss/images_ch/chara_icon_308.png
関裕美,https://imas.gamedbs.jp/cgss/images_ch/chara_icon_119.png
辻野あかり,https://imas.gamedbs.jp/cgss/images_ch/chara_icon_304.png
道明寺歌鈴,https://imas.gamedbs.jp/cgss/images_ch/chara_icon_141.png
中野有香,https://imas.gamedbs.jp/cgss/images_ch/chara_icon_102.png
早坂美玲,https://imas.gamedbs.jp/cgss/images_ch/chara_icon_162.png
藤本里奈,https://imas.gamedbs.jp/cgss/images_ch/chara_icon_122.png
双葉杏,https://imas.gamedbs.jp/cgss/images_ch/chara_icon_134.png
前川みく,https://imas.gamedbs.jp/cgss/images_ch/chara_icon_127.png
水本ゆかり,https://imas.gamedbs.jp/cgss/images_ch/chara_icon_103.png
三村かな子,https://imas.gamedbs.jp/cgss/images_ch/chara_icon_108.png
宮本フレデリカ,https://imas.gamedbs.jp/cgss/images_ch/chara_icon_131.png
遊佐こずえ,https://imas.gamedbs.jp/cgss/images_ch/chara_icon_124.png
渋谷凛,https://imas.gamedbs.jp/cgss/images_ch/chara_icon_167.png
アナスタシア,https://imas.gamedbs.jp/cgss/images_ch/chara_icon_227.png
神谷奈緒,https://imas.gamedbs.jp/cgss/images_ch/chara_icon_174.png
川島瑞樹,https://imas.gamedbs.jp/cgss/images_ch/chara_icon_173.png
神崎蘭子,https://imas.gamedbs.jp/cgss/images_ch/chara_icon_198.png
桐生つかさ,https://imas.gamedbs.jp/cgss/images_ch/chara_icon_231.png
鷺沢文香,https://imas.gamedbs.jp/cgss/images_ch/chara_icon_189.png
佐城雪美,https://imas.gamedbs.jp/cgss/images_ch/chara_icon_205.png
塩見周子,https://imas.gamedbs.jp/cgss/images_ch/chara_icon_220.png
白坂小梅,https://imas.gamedbs.jp/cgss/images_ch/chara_icon_214.png
砂塚あきら,https://imas.gamedbs.jp/cgss/images_ch/chara_icon_305.png
高垣楓,https://imas.gamedbs.jp/cgss/images_ch/chara_icon_197.png
鷹富士茄子,https://imas.gamedbs.jp/cgss/images_ch/chara_icon_233.png
多田李衣菜,https://imas.gamedbs.jp/cgss/images_ch/chara_icon_178.png
橘ありす,https://imas.gamedbs.jp/cgss/images_ch/chara_icon_188.png
新田美波,https://imas.gamedbs.jp/cgss/images_ch/chara_icon_185.png
二宮飛鳥,https://imas.gamedbs.jp/cgss/images_ch/chara_icon_230.png
速水奏,https://imas.gamedbs.jp/cgss/images_ch/chara_icon_223.png
久川颯,https://imas.gamedbs.jp/cgss/images_ch/chara_icon_310.png
藤原肇,https://imas.gamedbs.jp/cgss/images_ch/chara_icon_184.png
北条加蓮,https://imas.gamedbs.jp/cgss/images_ch/chara_icon_201.png
松永涼,https://imas.gamedbs.jp/cgss/images_ch/chara_icon_194.png
三船美優,https://imas.gamedbs.jp/cgss/images_ch/chara_icon_181.png
森久保乃々,https://imas.gamedbs.jp/cgss/images_ch/chara_icon_226.png
大和亜季,https://imas.gamedbs.jp/cgss/images_ch/chara_icon_228.png
結城晴,https://imas.gamedbs.jp/cgss/images_ch/chara_icon_229.png
脇山珠美,https://imas.gamedbs.jp/cgss/images_ch/chara_icon_221.png
本田未央,https://imas.gamedbs.jp/cgss/images_ch/chara_icon_234.png
相葉夕美,https://imas.gamedbs.jp/cgss/images_ch/chara_icon_263.png
赤城みりあ,https://imas.gamedbs.jp/cgss/images_ch/chara_icon_243.png
及川雫,https://imas.gamedbs.jp/cgss/images_ch/chara_icon_253.png
大槻唯,https://imas.gamedbs.jp/cgss/images_ch/chara_icon_246.png
片桐早苗,https://imas.gamedbs.jp/cgss/images_ch/chara_icon_257.png
喜多日菜子,https://imas.gamedbs.jp/cgss/images_ch/chara_icon_284.png
木村夏樹,https://imas.gamedbs.jp/cgss/images_ch/chara_icon_238.png
佐藤心,https://imas.gamedbs.jp/cgss/images_ch/chara_icon_297.png
城ヶ崎美嘉,https://imas.gamedbs.jp/cgss/images_ch/chara_icon_267.png
城ヶ崎莉嘉,https://imas.gamedbs.jp/cgss/images_ch/chara_icon_268.png
高森藍子,https://imas.gamedbs.jp/cgss/images_ch/chara_icon_235.png
十時愛梨,https://imas.gamedbs.jp/cgss/images_ch/chara_icon_272.png
ナターリア,https://imas.gamedbs.jp/cgss/images_ch/chara_icon_273.png
難波笑美,https://imas.gamedbs.jp/cgss/images_ch/chara_icon_291.png
浜口あやめ,https://imas.gamedbs.jp/cgss/images_ch/chara_icon_292.png
久川凪,https://imas.gamedbs.jp/cgss/images_ch/chara_icon_309.png
日野茜,https://imas.gamedbs.jp/cgss/images_ch/chara_icon_270.png
姫川友紀,https://imas.gamedbs.jp/cgss/images_ch/chara_icon_247.png
星輝子,https://imas.gamedbs.jp/cgss/images_ch/chara_icon_256.png
堀裕子,https://imas.gamedbs.jp/cgss/images_ch/chara_icon_258.png
的場梨沙,https://imas.gamedbs.jp/cgss/images_ch/chara_icon_260.png
向井拓海,https://imas.gamedbs.jp/cgss/images_ch/chara_icon_280.png
村上巴,https://imas.gamedbs.jp/cgss/images_ch/chara_icon_293.png
諸星きらり,https://imas.gamedbs.jp/cgss/images_ch/chara_icon_271.png
夢見りあむ,https://imas.gamedbs.jp/cgss/images_ch/chara_icon_306.png
依田芳乃,https://imas.gamedbs.jp/cgss/images_ch/chara_icon_262.png