Characters,image color,
島村卯月,#f67599,cute
安部菜々,#ef4b81,cute
五十嵐響子,#f3b6c5,cute
一ノ瀬志希,#b21a53,cute
緒方智絵里,#6cc24a,cute
乙倉悠貴,#dc6f82,cute
黒埼ちとせ,#ef3340,cute
輿水幸子,#ba9dc9,cute
小早川紗枝,#e56db1,cute
小日向美穂,#e13eaf,cute
佐久間まゆ,#da1a84,cute
櫻井桃華,#f295cd,cute
椎名法子,#f8485e,cute
白菊ほたる,#c964ce,cute
白雪千夜,#efd7e5,cute
関裕美,#ffb4ab,cute
辻野あかり,#e10600,cute
道明寺歌鈴,#d8272e,cute
中野有香,#e277cd,cute
早坂美玲,#c701a0,cute
藤本里奈,#623b2a,cute
双葉杏,#f8a3bc,cute
前川みく,#d70036,cute
水本ゆかり,#e3bbd6,cute
三村かな子,#feb1bb,cute
宮本フレデリカ,#a70064,cute
遊佐こずえ,#f5a6d8,cute
渋谷凛,#009bde,cool
アナスタシア,#b1c9e8,cool
神谷奈緒,#9678d3,cool
川島瑞樹,#485cc7,cool
神崎蘭子,#873399,cool
桐生つかさ,#ac4fc6,cool
鷺沢文香,#606eb2,cool
佐城雪美,#171c8f,cool
塩見周子,#dfe3eb,cool
白坂小梅,#adc9e8,cool
砂塚あきら,#7e93a7,cool
高垣楓,#47d7ac,cool
鷹富士茄子,#5c068c,cool
多田李衣菜,#0077c8,cool
橘ありす,#5b87da,cool
新田美波,#6ec4e9,cool
二宮飛鳥,#5f259f,cool
速水奏,#003087,cool
久川颯,#7eddd3,cool
藤原肇,#9595d2,cool
北条加蓮,#29d2c9,cool
松永涼,#211651,cool
三船美優,#01bfb2,cool
森久保乃々,#9cdbd9,cool
大和亜季,#2c714f,cool
結城晴,#6cdad5,cool
脇山珠美,#407cca,cool
本田未央,#ffb81c,passion
相葉夕美,#f0e991,passion
赤城みりあ,#ffce00,passion
及川雫,#ffffff,passion
大槻唯,#f9be00,passion
片桐早苗,#e24302,passion
喜多日菜子,#fcd757,passion
木村夏樹,#8c8595,passion
佐藤心,#f04e98,passion
城ヶ崎美嘉,#ff9e18,passion
城ヶ崎莉嘉,#fedd00,passion
高森藍子,#cdea80,passion
十時愛梨,#d1465d,passion
ナターリア,#f4633a,passion
難波笑美,#e63c2f,passion
浜口あやめ,#430098,passion
久川凪,#f8a3bc,passion
日野茜,#f9423a,passion
姫川友紀,#ee8b00,passion
星輝子,#ad083d,passion
堀裕子,#eca154,passion
的場梨沙,#df1a95,passion
向井拓海,#b0008e,passion
村上巴,#a5192e,passion
諸星きらり,#fed101,passion
夢見りあむ,#e59bdc,passion
依田芳乃,#c4bcb7,passion